{
    "_ColorR": 1.0,
    "_ColorG": 1.0,
    "_ColorB": 1.0,
    "_RampLevels": 4.0,
    "_LightScalar": 1.2000000476837159,
    "_HighColorR": 1.0,
    "_HighColorG": 0.08327960968017578,
    "_HighColorB": 0.0,
    "_HighIntensity": 2.069999933242798,
    "_LowColorR": 0.650943398475647,
    "_LowColorG": 0.07055183500051499,
    "_LowColorB": 0.0,
    "_LowIntensity": 3.450000047683716,
    "_OutlineColorR": 0.06603771448135376,
    "_OutlineColorG": 0.0,
    "_OutlineColorB": 0.004662674386054277,
    "_OutlineSize": 30.0,
    "_RimColorR": 1.0,
    "_RimColorG": 1.0,
    "_RimColorB": 1.0,
    "_RimAlpha": 0.4569999873638153,
    "_RimPower": 0.3179999887943268,
    "_RimDropOff": 0.32100000977516177,
    "_FresnelColorR": 0.27656638622283938,
    "_FresnelColorG": 0.47477754950523379,
    "_FresnelColorB": 0.5188679099082947,
    "_FresnelBrightness": 0.5759999752044678,
    "_FresnelPower": 0.6320000290870667,
    "_FresnelShadowDropoff": 0.49300000071525576,
    "_GradYCap": 0.0,
    "_GradIntensity": 0.0
}