{
    "_ColorR": 1.0,
    "_ColorG": 1.0,
    "_ColorB": 1.0,
    "_RampLevels": 4.0,
    "_LightScalar": 1.2000000476837159,
    "_HighColorR": 1.0,
    "_HighColorG": 0.5587058067321777,
    "_HighColorB": 0.13725489377975465,
    "_HighIntensity": 2.069999933242798,
    "_LowColorR": 1.0,
    "_LowColorG": 0.2696729004383087,
    "_LowColorB": 0.0,
    "_LowIntensity": 3.450000047683716,
    "_OutlineColorR": 0.0,
    "_OutlineColorG": 0.0,
    "_OutlineColorB": 0.10899999737739563,
    "_OutlineSize": 50.0,
    "_RimColorR": 1.0,
    "_RimColorG": 1.0,
    "_RimColorB": 1.0,
    "_RimAlpha": 0.4569999873638153,
    "_RimPower": 0.3179999887943268,
    "_RimDropOff": 0.32100000977516177,
    "_FresnelColorR": 1.0,
    "_FresnelColorG": 0.2131810486316681,
    "_FresnelColorB": 0.0,
    "_FresnelBrightness": 0.5759999752044678,
    "_FresnelPower": 0.6320000290870667,
    "_FresnelShadowDropoff": 0.49300000071525576,
    "_GradYCap": 0.0,
    "_GradIntensity": 0.0
}